order_id,item_id,supplier_id,requested_qty,previously_fulfilled,newly_fulfilled,success,failure_reason,timestamp
14,21,3,5,0,5,TRUE,,2025-08-01T08:58:04.710900
1,12,7,3,0,3,TRUE,,2025-08-01T09:07:04.710900
11,31,5,2,0,2,TRUE,,2025-08-01T09:17:04.710900
6,20,9,3,0,3,TRUE,,2025-08-01T09:25:04.710900
15,41,7,4,0,4,TRUE,,2025-08-01T09:34:04.710900
4,45,5,5,0,5,TRUE,,2025-08-01T09:38:04.710900
13,17,2,3,0,3,TRUE,,2025-08-01T09:46:04.710900
1,30,1,3,0,3,TRUE,,2025-08-01T09:49:04.710900
2,5,1,2,0,2,TRUE,,2025-08-01T09:59:04.710900
4,7,6,5,0,5,TRUE,,2025-08-01T10:16:04.710900
2,42,3,1,0,1,TRUE,,2025-08-01T10:18:04.710900
7,13,10,3,0,3,TRUE,,2025-08-01T10:29:04.710900
13,39,5,2,0,2,TRUE,,2025-08-01T10:36:04.710900
7,14,6,1,0,1,TRUE,,2025-08-01T10:38:04.710900
5,28,7,2,0,2,TRUE,,2025-08-01T11:11:04.710900
13,2,1,2,0,2,TRUE,,2025-08-01T11:35:04.710900
8,9,6,2,0,2,TRUE,,2025-08-01T11:36:04.710900
6,45,10,4,0,4,TRUE,,2025-08-01T11:57:04.710900
8,18,8,1,0,1,TRUE,,2025-08-01T12:01:04.710900
10,36,7,5,0,5,TRUE,,2025-08-01T12:10:04.710900
12,37,10,4,0,4,TRUE,,2025-08-01T12:35:04.710900
14,8,8,4,0,4,TRUE,,2025-08-01T12:42:04.710900
3,37,5,4,0,4,TRUE,,2025-08-01T12:59:04.710900
12,39,10,4,0,4,TRUE,,2025-08-01T13:37:04.710900
15,29,5,1,0,1,TRUE,,2025-08-01T13:52:04.710900
9,5,1,2,0,2,TRUE,,2025-08-01T14:03:04.710900
8,36,7,4,0,4,TRUE,,2025-08-01T14:13:04.710900
8,4,7,4,0,4,TRUE,,2025-08-01T14:38:04.710900
6,43,8,3,0,3,TRUE,,2025-08-01T14:40:04.710900
8,3,1,5,0,0,FALSE,unreliable_supplier,2025-08-01T14:43:04.710900
6,16,8,4,0,4,TRUE,,2025-08-01T14:50:04.710900
14,17,7,5,0,5,TRUE,,2025-08-01T14:58:04.710900
12,48,5,4,0,4,TRUE,,2025-08-01T15:15:04.710900
15,49,5,3,0,3,TRUE,,2025-08-01T15:25:04.710900
11,45,5,3,0,3,TRUE,,2025-08-01T16:05:04.710900
8,3,1,5,0,5,TRUE,,2025-08-01T16:06:04.710900
15,4,2,2,0,2,TRUE,,2025-08-01T16:35:04.710900
9,31,10,4,0,4,TRUE,,2025-08-01T17:04:04.710900
9,8,3,5,0,5,TRUE,,2025-08-01T17:58:04.710900
20,36,2,3,0,3,TRUE,,2025-08-01T18:37:04.710900
20,6,7,3,0,3,TRUE,,2025-08-01T18:54:04.710900
25,28,7,1,0,1,TRUE,,2025-08-01T18:59:04.710900
27,23,7,5,0,5,TRUE,,2025-08-01T19:07:04.710900
18,2,1,5,0,5,TRUE,,2025-08-01T19:18:04.710900
29,29,10,5,0,5,TRUE,,2025-08-01T19:32:04.710900
15,32,2,3,0,3,TRUE,,2025-08-01T19:49:04.710900
31,50,3,2,0,2,TRUE,,2025-08-01T19:54:04.710900
32,49,5,2,0,2,TRUE,,2025-08-01T19:57:04.710900
26,4,7,1,0,1,TRUE,,2025-08-01T19:58:04.710900
18,19,3,5,0,5,TRUE,,2025-08-01T20:41:04.710900
5,41,7,4,0,4,TRUE,,2025-08-01T20:53:04.710900
31,4,2,3,0,3,TRUE,,2025-08-01T21:04:04.710900
11,39,10,4,0,4,TRUE,,2025-08-01T21:37:04.710900
17,43,3,1,0,1,TRUE,,2025-08-01T21:41:04.710900
28,23,7,1,0,1,TRUE,,2025-08-01T21:43:04.710900
20,26,10,3,0,3,TRUE,,2025-08-01T21:50:04.710900
5,24,6,5,0,5,TRUE,,2025-08-01T22:05:04.710900
25,44,5,3,0,0,FALSE,unreliable_supplier,2025-08-01T22:18:04.710900
32,42,8,4,0,4,TRUE,,2025-08-01T22:23:04.710900
17,17,7,5,0,5,TRUE,,2025-08-01T22:31:04.710900
17,30,1,4,0,4,TRUE,,2025-08-01T22:38:04.710900
20,24,1,4,0,4,TRUE,,2025-08-01T22:45:04.710900
29,43,8,4,0,0,FALSE,unreliable_supplier,2025-08-01T22:55:04.710900
26,36,7,3,0,3,TRUE,,2025-08-01T22:59:04.710900
30,19,8,5,0,5,TRUE,,2025-08-01T23:10:04.710900
23,30,1,1,0,1,TRUE,,2025-08-01T23:12:04.710900
18,23,7,3,0,3,TRUE,,2025-08-01T23:32:04.710900
16,5,6,5,0,5,TRUE,,2025-08-01T23:36:04.710900
11,29,10,1,0,1,TRUE,,2025-08-01T23:42:04.710900
24,35,1,1,0,1,TRUE,,2025-08-01T23:58:04.710900
31,14,1,1,0,1,TRUE,,2025-08-02T00:02:04.710900
16,42,8,3,0,3,TRUE,,2025-08-02T00:24:04.710900
21,7,6,3,0,3,TRUE,,2025-08-02T00:34:04.710900
33,20,9,4,0,4,TRUE,,2025-08-02T00:35:04.710900
27,7,6,1,0,1,TRUE,,2025-08-02T00:40:04.710900
21,8,3,4,0,4,TRUE,,2025-08-02T01:13:04.710900
29,28,7,2,0,2,TRUE,,2025-08-02T01:15:04.710900
18,37,5,5,0,5,TRUE,,2025-08-02T01:25:04.710900
25,32,2,3,0,3,TRUE,,2025-08-02T01:32:04.710900
31,20,9,4,0,4,TRUE,,2025-08-02T01:47:04.710900
16,31,10,3,0,3,TRUE,,2025-08-02T01:52:04.710900
33,29,5,3,0,3,TRUE,,2025-08-02T02:04:04.710900
31,1,9,3,0,3,TRUE,,2025-08-02T02:29:04.710900
28,22,2,2,0,2,TRUE,,2025-08-02T02:39:04.710900
33,18,3,1,0,1,TRUE,,2025-08-02T03:17:04.710900
22,16,8,5,0,5,TRUE,,2025-08-02T03:26:04.710900
24,17,2,2,0,2,TRUE,,2025-08-02T03:59:04.710900
47,22,7,2,0,2,TRUE,,2025-08-02T04:11:04.710900
33,41,2,3,0,3,TRUE,,2025-08-02T04:19:04.710900
42,12,2,4,0,4,TRUE,,2025-08-02T04:23:04.710900
40,39,10,2,0,2,TRUE,,2025-08-02T04:26:04.710900
16,10,10,1,0,1,TRUE,,2025-08-02T04:30:04.710900
38,6,2,3,0,3,TRUE,,2025-08-02T04:38:04.710900
49,33,7,1,0,1,TRUE,,2025-08-02T04:44:04.710900
50,31,10,3,0,3,TRUE,,2025-08-02T04:50:04.710900
51,33,7,4,0,4,TRUE,,2025-08-02T05:01:04.710900
29,43,8,4,0,0,FALSE,unreliable_supplier,2025-08-02T05:09:04.710900
48,18,3,3,0,0,FALSE,unreliable_supplier,2025-08-02T05:15:04.710900
46,41,2,5,0,5,TRUE,,2025-08-02T05:22:04.710900
34,44,5,3,0,3,TRUE,,2025-08-02T05:30:04.710900
46,20,4,2,0,2,TRUE,,2025-08-02T05:33:04.710900
40,5,1,2,0,2,TRUE,,2025-08-02T05:38:04.710900
37,29,10,1,0,1,TRUE,,2025-08-02T05:59:04.710900
21,32,2,5,0,5,TRUE,,2025-08-02T06:08:04.710900
18,45,10,3,0,3,TRUE,,2025-08-02T06:21:04.710900
29,43,8,4,0,4,TRUE,,2025-08-02T06:22:04.710900
40,30,1,5,0,5,TRUE,,2025-08-02T06:52:04.710900
43,29,10,4,0,4,TRUE,,2025-08-02T07:06:04.710900
35,33,2,2,0,2,TRUE,,2025-08-02T07:13:04.710900
34,47,5,5,0,5,TRUE,,2025-08-02T07:22:04.710900
52,13,5,4,0,4,TRUE,,2025-08-02T07:31:04.710900
49,20,4,5,0,5,TRUE,,2025-08-02T07:46:04.710900
37,33,2,4,0,4,TRUE,,2025-08-02T07:50:04.710900
23,8,3,2,0,2,TRUE,,2025-08-02T08:10:04.710900
5,7,6,2,0,2,TRUE,,2025-08-02T08:21:04.710900
48,18,3,3,0,3,TRUE,,2025-08-02T08:31:04.710900
39,45,10,4,0,4,TRUE,,2025-08-02T08:38:04.710900
43,24,1,5,0,5,TRUE,,2025-08-02T08:56:04.710900
47,39,10,5,0,5,TRUE,,2025-08-02T09:01:04.710900
28,1,4,1,0,1,TRUE,,2025-08-02T09:06:04.710900
40,8,8,4,0,0,FALSE,unreliable_supplier,2025-08-02T09:19:04.710900
42,42,3,2,0,2,TRUE,,2025-08-02T09:38:04.710900
50,44,10,2,0,2,TRUE,,2025-08-02T09:46:04.710900
26,9,6,1,0,1,TRUE,,2025-08-02T10:12:04.710900
41,48,10,2,0,2,TRUE,,2025-08-02T10:34:04.710900
34,25,1,5,0,5,TRUE,,2025-08-02T11:00:04.710900
38,25,1,3,0,0,FALSE,unreliable_supplier,2025-08-02T11:15:04.710900
25,7,1,1,0,1,TRUE,,2025-08-02T11:19:04.710900
36,39,5,4,0,4,TRUE,,2025-08-02T11:55:04.710900
47,14,6,3,0,3,TRUE,,2025-08-02T12:02:04.710900
35,20,4,2,0,2,TRUE,,2025-08-02T12:04:04.710900
43,49,10,3,0,3,TRUE,,2025-08-02T12:11:04.710900
38,25,1,3,0,3,TRUE,,2025-08-02T12:24:04.710900
45,27,7,1,0,1,TRUE,,2025-08-02T12:29:04.710900
42,50,3,3,0,3,TRUE,,2025-08-02T12:36:04.710900
40,32,2,5,0,5,TRUE,,2025-08-02T12:42:04.710900
37,10,10,1,0,0,FALSE,unreliable_supplier,2025-08-02T12:46:04.710900
49,32,7,2,0,2,TRUE,,2025-08-02T12:53:04.710900
47,30,1,3,0,3,TRUE,,2025-08-02T13:15:04.710900
19,27,7,5,0,5,TRUE,,2025-08-02T13:31:04.710900
42,44,5,1,0,1,TRUE,,2025-08-02T13:39:04.710900
42,22,7,4,0,4,TRUE,,2025-08-02T13:45:04.710900
34,19,3,3,0,3,TRUE,,2025-08-02T13:49:04.710900
68,23,7,1,0,1,TRUE,,2025-08-02T13:50:04.710900
57,9,6,4,0,4,TRUE,,2025-08-02T14:14:04.710900
65,37,10,1,0,1,TRUE,,2025-08-02T14:22:04.710900
62,18,3,1,0,1,TRUE,,2025-08-02T14:34:04.710900
62,4,7,5,0,5,TRUE,,2025-08-02T14:44:04.710900
66,32,2,5,0,4,TRUE,,2025-08-02T14:52:04.710900
53,15,1,5,0,5,TRUE,,2025-08-02T15:11:04.710900
53,43,8,4,0,0,FALSE,unreliable_supplier,2025-08-02T15:14:04.710900
55,45,10,5,0,5,TRUE,,2025-08-02T15:20:04.710900
41,17,7,1,0,1,TRUE,,2025-08-02T15:33:04.710900
53,16,3,1,0,1,TRUE,,2025-08-02T15:43:04.710900
25,44,5,3,0,3,TRUE,,2025-08-02T15:48:04.710900
36,9,1,5,0,5,TRUE,,2025-08-02T15:56:04.710900
46,9,1,5,0,5,TRUE,,2025-08-02T16:00:04.710900
58,12,7,5,0,5,TRUE,,2025-08-02T16:02:04.710900
36,25,1,4,0,4,TRUE,,2025-08-02T16:12:04.710900
55,36,7,1,0,1,TRUE,,2025-08-02T16:16:04.710900
66,32,2,5,4,0,FALSE,stockout,2025-08-02T16:26:04.710900
69,48,10,4,0,4,TRUE,,2025-08-02T16:52:04.710900
64,2,6,2,0,2,TRUE,,2025-08-02T16:54:04.710900
51,46,8,2,0,2,TRUE,,2025-08-02T17:02:04.710900
34,17,7,4,0,4,TRUE,,2025-08-02T17:10:04.710900
36,10,10,2,0,2,TRUE,,2025-08-02T17:17:04.710900
44,46,3,5,0,5,TRUE,,2025-08-02T17:23:04.710900
55,24,1,2,0,2,TRUE,,2025-08-02T17:31:04.710900
60,41,7,5,0,5,TRUE,,2025-08-02T17:45:04.710900
39,49,5,3,0,3,TRUE,,2025-08-02T17:50:04.710900
48,16,8,2,0,2,TRUE,,2025-08-02T18:05:04.710900
35,24,6,4,0,4,TRUE,,2025-08-02T18:12:04.710900
55,27,2,5,0,5,TRUE,,2025-08-02T18:30:04.710900
19,48,5,2,0,2,TRUE,,2025-08-02T18:32:04.710900
38,16,8,2,0,2,TRUE,,2025-08-02T18:46:04.710900
36,11,9,5,0,5,TRUE,,2025-08-02T18:54:04.710900
63,12,2,1,0,1,TRUE,,2025-08-02T19:10:04.710900
63,32,2,1,0,0,FALSE,stockout,2025-08-02T19:21:04.710900
53,34,4,2,0,0,FALSE,unreliable_supplier,2025-08-02T19:30:04.710900
57,50,8,3,0,3,TRUE,,2025-08-02T19:33:04.710900
69,46,8,3,0,3,TRUE,,2025-08-02T19:43:04.710900
55,31,5,1,0,1,TRUE,,2025-08-02T20:01:04.710900
65,15,6,5,0,5,TRUE,,2025-08-02T20:22:04.710900
53,4,2,4,0,4,TRUE,,2025-08-02T20:30:04.710900
50,39,10,5,0,0,FALSE,unreliable_supplier,2025-08-02T20:39:04.710900
56,4,7,4,0,4,TRUE,,2025-08-02T21:05:04.710900
68,32,7,4,0,4,TRUE,,2025-08-02T21:27:04.710900
59,3,6,5,0,5,TRUE,,2025-08-02T21:28:04.710900
64,1,9,1,0,1,TRUE,,2025-08-02T21:40:04.710900
61,16,3,4,0,4,TRUE,,2025-08-02T21:57:04.710900
40,8,8,4,0,0,FALSE,unreliable_supplier,2025-08-02T22:05:04.710900
19,12,7,2,0,2,TRUE,,2025-08-02T22:19:04.710900
67,22,2,1,0,1,TRUE,,2025-08-02T22:36:04.710900
65,16,3,1,0,1,TRUE,,2025-08-02T22:49:04.710900
63,4,2,1,0,0,FALSE,unreliable_supplier,2025-08-02T22:57:04.710900
74,44,5,2,0,2,TRUE,,2025-08-02T23:02:04.710900
88,8,3,1,0,1,TRUE,,2025-08-02T23:11:04.710900
67,49,10,5,0,5,TRUE,,2025-08-02T23:17:04.710900
72,33,7,4,0,4,TRUE,,2025-08-02T23:27:04.710900
80,42,3,4,0,4,TRUE,,2025-08-02T23:33:04.710900
95,3,6,1,0,1,TRUE,,2025-08-02T23:41:04.710900
43,5,1,1,0,1,TRUE,,2025-08-02T23:43:04.710900
85,21,8,2,0,2,TRUE,,2025-08-02T23:44:04.710900
84,9,1,2,0,2,TRUE,,2025-08-02T23:51:04.710900
64,34,4,1,0,1,TRUE,,2025-08-02T23:57:04.710900
70,12,7,3,0,3,TRUE,,2025-08-02T23:58:04.710900
84,50,3,5,0,0,FALSE,unreliable_supplier,2025-08-03T00:16:04.710900
85,47,5,2,0,2,TRUE,,2025-08-03T00:17:04.710900
65,45,10,4,0,4,TRUE,,2025-08-03T00:18:04.710900
40,8,8,4,0,0,FALSE,unreliable_supplier,2025-08-03T00:24:04.710900
82,9,1,5,0,5,TRUE,,2025-08-03T00:34:04.710900
56,9,6,3,0,3,TRUE,,2025-08-03T00:46:04.710900
39,9,1,1,0,1,TRUE,,2025-08-03T00:52:04.710900
78,25,1,5,0,5,TRUE,,2025-08-03T00:59:04.710900
69,41,7,1,0,1,TRUE,,2025-08-03T01:14:04.710900
67,25,1,1,0,1,TRUE,,2025-08-03T01:23:04.710900
93,45,10,2,0,2,TRUE,,2025-08-03T01:24:04.710900
72,48,10,5,0,5,TRUE,,2025-08-03T01:31:04.710900
67,44,10,1,0,1,TRUE,,2025-08-03T01:33:04.710900
51,9,1,3,0,0,FALSE,unreliable_supplier,2025-08-03T01:35:04.710900
72,15,1,4,0,4,TRUE,,2025-08-03T01:42:04.710900
75,30,6,4,0,4,TRUE,,2025-08-03T02:05:04.710900
78,33,7,5,0,5,TRUE,,2025-08-03T02:19:04.710900
87,20,9,2,0,2,TRUE,,2025-08-03T02:20:04.710900
71,19,8,2,0,2,TRUE,,2025-08-03T02:31:04.710900
88,1,4,4,0,4,TRUE,,2025-08-03T02:52:04.710900
50,42,3,1,0,1,TRUE,,2025-08-03T02:56:04.710900
41,2,1,5,0,5,TRUE,,2025-08-03T02:57:04.710900
22,29,10,1,0,1,TRUE,,2025-08-03T03:12:04.710900
81,30,1,3,0,3,TRUE,,2025-08-03T03:24:04.710900
77,40,8,5,0,5,TRUE,,2025-08-03T03:40:04.710900
83,8,3,4,0,4,TRUE,,2025-08-03T04:08:04.710900
66,32,2,5,4,1,TRUE,,2025-08-03T04:32:04.710900
76,18,3,5,0,5,TRUE,,2025-08-03T04:40:04.710900
70,31,5,3,0,3,TRUE,,2025-08-03T04:48:04.710900
64,27,7,5,0,5,TRUE,,2025-08-03T04:53:04.710900
85,23,2,5,0,5,TRUE,,2025-08-03T05:19:04.710900
92,11,9,2,0,2,TRUE,,2025-08-03T05:24:04.710900
66,6,7,3,0,3,TRUE,,2025-08-03T05:39:04.710900
81,1,4,3,0,3,TRUE,,2025-08-03T05:49:04.710900
90,21,8,2,0,2,TRUE,,2025-08-03T05:55:04.710900
49,30,1,4,0,4,TRUE,,2025-08-03T05:57:04.710900
92,29,10,3,0,3,TRUE,,2025-08-03T06:02:04.710900
37,10,10,1,0,1,TRUE,,2025-08-03T06:11:04.710900
91,45,10,3,0,3,TRUE,,2025-08-03T06:14:04.710900
51,3,6,2,0,2,TRUE,,2025-08-03T06:26:04.710900
53,34,4,2,0,2,TRUE,,2025-08-03T06:30:04.710900
83,28,2,2,0,2,TRUE,,2025-08-03T06:36:04.710900
60,44,10,1,0,0,FALSE,unreliable_supplier,2025-08-03T06:49:04.710900
48,8,3,1,0,1,TRUE,,2025-08-03T07:01:04.710900
35,2,1,2,0,2,TRUE,,2025-08-03T07:16:04.710900
94,9,6,3,0,3,TRUE,,2025-08-03T07:19:04.710900
73,6,2,5,0,5,TRUE,,2025-08-03T07:26:04.710900
61,20,9,4,0,4,TRUE,,2025-08-03T07:38:04.710900
63,35,6,2,0,2,TRUE,,2025-08-03T07:45:04.710900
79,27,2,2,0,2,TRUE,,2025-08-03T07:46:04.710900
101,13,5,4,0,4,TRUE,,2025-08-03T07:56:04.710900
40,8,8,4,0,4,TRUE,,2025-08-03T08:04:04.710900
73,7,1,2,0,2,TRUE,,2025-08-03T08:17:04.710900
81,28,2,3,0,3,TRUE,,2025-08-03T08:22:04.710900
92,7,6,4,0,0,FALSE,unreliable_supplier,2025-08-03T08:23:04.710900
71,46,3,4,0,4,TRUE,,2025-08-03T08:25:04.710900
93,46,3,2,0,2,TRUE,,2025-08-03T08:33:04.710900
87,10,5,2,0,2,TRUE,,2025-08-03T08:35:04.710900
81,13,10,1,0,1,TRUE,,2025-08-03T08:37:04.710900
85,25,6,1,0,1,TRUE,,2025-08-03T08:39:04.710900
79,42,8,4,0,4,TRUE,,2025-08-03T08:54:04.710900
54,21,8,2,0,2,TRUE,,2025-08-03T09:10:04.710900
91,1,4,2,0,2,TRUE,,2025-08-03T09:12:04.710900
60,44,10,1,0,1,TRUE,,2025-08-03T09:14:04.710900
79,32,2,1,0,1,TRUE,,2025-08-03T09:18:04.710900
84,50,3,5,0,5,TRUE,,2025-08-03T09:20:04.710900
69,10,5,1,0,1,TRUE,,2025-08-03T09:26:04.710900
97,15,1,3,0,3,TRUE,,2025-08-03T09:33:04.710900
71,29,10,2,0,2,TRUE,,2025-08-03T09:41:04.710900
106,42,8,4,0,4,TRUE,,2025-08-03T09:54:04.710900
104,50,8,5,0,5,TRUE,,2025-08-03T10:05:04.710900
92,10,5,5,0,5,TRUE,,2025-08-03T10:19:04.710900
87,40,3,5,0,5,TRUE,,2025-08-03T10:44:04.710900
100,15,1,1,0,0,FALSE,unreliable_supplier,2025-08-03T10:53:04.710900
102,36,7,1,0,1,TRUE,,2025-08-03T11:01:04.710900
104,47,10,4,0,4,TRUE,,2025-08-03T11:09:04.710900
84,25,1,5,0,5,TRUE,,2025-08-03T11:11:04.710900
91,41,7,1,0,1,TRUE,,2025-08-03T11:35:04.710900
67,35,1,4,0,4,TRUE,,2025-08-03T11:41:04.710900
83,45,10,1,0,1,TRUE,,2025-08-03T11:51:04.710900
97,37,10,3,0,3,TRUE,,2025-08-03T12:12:04.710900
89,31,5,2,0,2,TRUE,,2025-08-03T12:22:04.710900
68,36,7,2,0,2,TRUE,,2025-08-03T12:36:04.710900
107,31,5,2,0,2,TRUE,,2025-08-03T12:45:04.710900
101,9,1,4,0,4,TRUE,,2025-08-03T12:54:04.710900
44,6,2,2,0,2,TRUE,,2025-08-03T12:55:04.710900
45,50,8,4,0,4,TRUE,,2025-08-03T13:00:04.710900
53,43,8,4,0,4,TRUE,,2025-08-03T13:03:04.710900
73,27,7,4,0,4,TRUE,,2025-08-03T13:19:04.710900
97,32,7,4,0,4,TRUE,,2025-08-03T13:40:04.710900
97,41,2,2,0,2,TRUE,,2025-08-03T14:06:04.710900
70,13,10,4,0,4,TRUE,,2025-08-03T14:09:04.710900
93,39,5,2,0,2,TRUE,,2025-08-03T14:19:04.710900
99,8,8,1,0,1,TRUE,,2025-08-03T14:29:04.710900
79,33,7,4,0,4,TRUE,,2025-08-03T14:37:04.710900
90,50,3,5,0,5,TRUE,,2025-08-03T14:48:04.710900
90,20,9,1,0,1,TRUE,,2025-08-03T15:15:04.710900
80,18,3,3,0,0,FALSE,unreliable_supplier,2025-08-03T15:32:04.710900
108,44,10,4,0,4,TRUE,,2025-08-03T15:40:04.710900
64,47,5,2,0,2,TRUE,,2025-08-03T15:59:04.710900
68,15,1,5,0,5,TRUE,,2025-08-03T16:11:04.710900
96,45,10,5,0,5,TRUE,,2025-08-03T16:28:04.710900
94,13,5,5,0,5,TRUE,,2025-08-03T16:49:04.710900
118,8,3,4,0,4,TRUE,,2025-08-03T16:55:04.710900
118,50,3,5,0,5,TRUE,,2025-08-03T16:56:04.710900
115,33,7,2,0,2,TRUE,,2025-08-03T17:06:04.710900
113,11,4,4,0,4,TRUE,,2025-08-03T17:15:04.710900
104,18,8,2,0,0,FALSE,unreliable_supplier,2025-08-03T17:18:04.710900
70,21,8,3,0,3,TRUE,,2025-08-03T17:27:04.710900
127,40,3,1,0,1,TRUE,,2025-08-03T17:31:04.710900
98,27,2,1,0,1,TRUE,,2025-08-03T17:34:04.710900
109,37,5,1,0,1,TRUE,,2025-08-03T17:37:04.710900
100,18,8,5,0,5,TRUE,,2025-08-03T17:45:04.710900
108,22,7,3,0,3,TRUE,,2025-08-03T17:49:04.710900
104,18,8,2,0,2,TRUE,,2025-08-03T18:08:04.710900
109,27,2,3,0,3,TRUE,,2025-08-03T18:14:04.710900
104,21,3,2,0,2,TRUE,,2025-08-03T18:17:04.710900
98,14,6,3,0,3,TRUE,,2025-08-03T18:22:04.710900
99,31,10,4,0,4,TRUE,,2025-08-03T18:24:04.710900
109,30,6,3,0,3,TRUE,,2025-08-03T18:32:04.710900
111,47,5,1,0,1,TRUE,,2025-08-03T18:59:04.710900
127,17,2,5,0,5,TRUE,,2025-08-03T19:16:04.710900
86,24,6,1,0,1,TRUE,,2025-08-03T19:34:04.710900
105,16,3,4,0,4,TRUE,,2025-08-03T19:38:04.710900
115,31,5,4,0,4,TRUE,,2025-08-03T19:41:04.710900
45,37,10,2,0,2,TRUE,,2025-08-03T19:50:04.710900
99,6,7,4,0,4,TRUE,,2025-08-03T19:57:04.710900
100,15,1,1,0,1,TRUE,,2025-08-03T20:06:04.710900
120,40,3,5,0,5,TRUE,,2025-08-03T20:13:04.710900
75,36,2,4,0,4,TRUE,,2025-08-03T20:21:04.710900
73,19,8,3,0,3,TRUE,,2025-08-03T20:37:04.710900
128,13,10,4,0,4,TRUE,,2025-08-03T20:38:04.710900
56,33,2,4,0,4,TRUE,,2025-08-03T20:48:04.710900
123,3,6,1,0,1,TRUE,,2025-08-03T20:50:04.710900
112,23,7,1,0,1,TRUE,,2025-08-03T20:57:04.710900
112,22,7,5,0,5,TRUE,,2025-08-03T21:19:04.710900
87,6,2,3,0,3,TRUE,,2025-08-03T21:35:04.710900
126,41,2,1,0,1,TRUE,,2025-08-03T21:52:04.710900
100,17,2,2,0,2,TRUE,,2025-08-03T22:01:04.710900
44,12,7,3,0,3,TRUE,,2025-08-03T22:11:04.710900
54,1,9,3,0,3,TRUE,,2025-08-03T22:16:04.710900
129,15,6,3,0,3,TRUE,,2025-08-03T22:26:04.710900
45,34,4,2,0,2,TRUE,,2025-08-03T22:34:04.710900
102,18,8,2,0,2,TRUE,,2025-08-03T23:07:04.710900
70,45,10,3,0,3,TRUE,,2025-08-03T23:13:04.710900
114,44,5,4,0,0,FALSE,unreliable_supplier,2025-08-03T23:44:04.710900
85,28,7,1,0,1,TRUE,,2025-08-03T23:46:04.710900
39,46,3,2,0,2,TRUE,,2025-08-03T23:54:04.710900
114,44,5,4,0,4,TRUE,,2025-08-03T23:59:04.710900
56,30,1,5,0,5,TRUE,,2025-08-04T00:26:04.710900
119,36,7,3,0,3,TRUE,,2025-08-04T00:30:04.710900
50,39,10,5,0,5,TRUE,,2025-08-04T00:40:04.710900
98,13,10,2,0,2,TRUE,,2025-08-04T00:54:04.710900
124,5,1,5,0,5,TRUE,,2025-08-04T00:58:04.710900
63,32,2,1,0,1,TRUE,,2025-08-04T01:12:04.710900
106,15,1,2,0,0,FALSE,unreliable_supplier,2025-08-04T01:45:04.710900
71,14,6,2,0,2,TRUE,,2025-08-04T01:54:04.710900
75,28,2,2,0,2,TRUE,,2025-08-04T02:10:04.710900
79,44,10,1,0,1,TRUE,,2025-08-04T02:14:04.710900
124,6,7,5,0,5,TRUE,,2025-08-04T02:29:04.710900
117,13,10,1,0,1,TRUE,,2025-08-04T02:39:04.710900
122,38,5,5,0,5,TRUE,,2025-08-04T02:46:04.710900
86,44,5,1,0,0,FALSE,unreliable_supplier,2025-08-04T03:02:04.710900
86,35,1,5,0,5,TRUE,,2025-08-04T03:09:04.710900
63,4,2,1,0,1,TRUE,,2025-08-04T03:11:04.710900
138,11,9,4,0,4,TRUE,,2025-08-04T03:17:04.710900
76,49,5,5,0,5,TRUE,,2025-08-04T03:25:04.710900
121,40,8,2,0,2,TRUE,,2025-08-04T03:33:04.710900
108,49,5,2,0,0,FALSE,unreliable_supplier,2025-08-04T03:38:04.710900
145,1,9,2,0,2,TRUE,,2025-08-04T03:39:04.710900
44,29,10,3,0,0,FALSE,unreliable_supplier,2025-08-04T03:42:04.710900
122,17,7,4,0,4,TRUE,,2025-08-04T03:44:04.710900
149,41,7,3,0,3,TRUE,,2025-08-04T03:47:04.710900
138,15,1,1,0,1,TRUE,,2025-08-04T03:51:04.710900
80,9,6,2,0,2,TRUE,,2025-08-04T03:59:04.710900
86,12,7,2,0,2,TRUE,,2025-08-04T04:02:04.710900
145,31,5,4,0,4,TRUE,,2025-08-04T04:11:04.710900
121,50,8,5,0,5,TRUE,,2025-08-04T04:14:04.710900
133,26,5,2,0,2,TRUE,,2025-08-04T04:26:04.710900
61,46,3,4,0,4,TRUE,,2025-08-04T04:35:04.710900
130,18,3,5,0,5,TRUE,,2025-08-04T04:36:04.710900
137,32,2,5,0,5,TRUE,,2025-08-04T04:38:04.710900
89,3,6,4,0,4,TRUE,,2025-08-04T04:46:04.710900
135,3,6,2,0,2,TRUE,,2025-08-04T04:53:04.710900
118,43,8,5,0,5,TRUE,,2025-08-04T05:03:04.710900
48,29,10,5,0,5,TRUE,,2025-08-04T05:13:04.710900
61,15,1,5,0,5,TRUE,,2025-08-04T05:23:04.710900
141,6,7,5,0,5,TRUE,,2025-08-04T05:25:04.710900
149,28,7,3,0,3,TRUE,,2025-08-04T05:32:04.710900
86,44,5,1,0,1,TRUE,,2025-08-04T05:42:04.710900
122,1,9,4,0,4,TRUE,,2025-08-04T05:55:04.710900
125,48,10,5,0,5,TRUE,,2025-08-04T06:05:04.710900
131,38,5,5,0,5,TRUE,,2025-08-04T06:11:04.710900
139,7,1,5,0,5,TRUE,,2025-08-04T06:17:04.710900
108,49,5,2,0,2,TRUE,,2025-08-04T06:34:04.710900
123,16,8,4,0,4,TRUE,,2025-08-04T06:39:04.710900
126,10,5,1,0,1,TRUE,,2025-08-04T06:48:04.710900
108,42,8,5,0,5,TRUE,,2025-08-04T07:28:04.710900
97,7,1,1,0,1,TRUE,,2025-08-04T07:38:04.710900
108,12,7,2,0,2,TRUE,,2025-08-04T07:52:04.710900
111,14,1,5,0,5,TRUE,,2025-08-04T07:55:04.710900
80,18,3,3,0,0,FALSE,unreliable_supplier,2025-08-04T08:11:04.710900
150,28,7,5,0,5,TRUE,,2025-08-04T08:17:04.710900
119,45,5,5,0,5,TRUE,,2025-08-04T08:35:04.710900
138,45,5,1,0,1,TRUE,,2025-08-04T08:44:04.710900
143,38,10,2,0,2,TRUE,,2025-08-04T08:47:04.710900
118,29,5,5,0,5,TRUE,,2025-08-04T09:14:04.710900
87,18,8,4,0,4,TRUE,,2025-08-04T09:38:04.710900
132,38,5,5,0,5,TRUE,,2025-08-04T09:47:04.710900
102,21,8,1,0,1,TRUE,,2025-08-04T09:53:04.710900
150,20,9,5,0,5,TRUE,,2025-08-04T10:03:04.710900
123,42,3,4,0,4,TRUE,,2025-08-04T10:08:04.710900
139,33,7,3,0,3,TRUE,,2025-08-04T10:11:04.710900
146,12,7,4,0,4,TRUE,,2025-08-04T10:20:04.710900
147,5,6,5,0,5,TRUE,,2025-08-04T10:23:04.710900
124,3,1,2,0,2,TRUE,,2025-08-04T10:35:04.710900
140,23,2,4,0,4,TRUE,,2025-08-04T10:49:04.710900
119,20,4,2,0,2,TRUE,,2025-08-04T11:30:04.710900
134,12,7,4,0,4,TRUE,,2025-08-04T11:48:04.710900
106,15,1,2,0,2,TRUE,,2025-08-04T11:53:04.710900
100,37,10,5,0,5,TRUE,,2025-08-04T12:08:04.710900
146,19,8,4,0,4,TRUE,,2025-08-04T12:18:04.710900
136,15,1,1,0,1,TRUE,,2025-08-04T12:34:04.710900
92,7,6,4,0,4,TRUE,,2025-08-04T12:42:04.710900
133,34,4,3,0,3,TRUE,,2025-08-04T12:50:04.710900
102,34,4,5,0,5,TRUE,,2025-08-04T12:52:04.710900
156,13,10,1,0,1,TRUE,,2025-08-04T12:57:04.710900
146,50,3,4,0,0,FALSE,unreliable_supplier,2025-08-04T13:10:04.710900
157,21,8,5,0,5,TRUE,,2025-08-04T13:20:04.710900
44,29,10,3,0,3,TRUE,,2025-08-04T13:30:04.710900
148,49,5,1,0,1,TRUE,,2025-08-04T13:36:04.710900
157,2,1,1,0,1,TRUE,,2025-08-04T13:49:04.710900
131,17,7,3,0,3,TRUE,,2025-08-04T14:06:04.710900
122,11,4,3,0,3,TRUE,,2025-08-04T14:12:04.710900
135,49,5,5,0,5,TRUE,,2025-08-04T14:22:04.710900
142,3,1,5,0,5,TRUE,,2025-08-04T14:38:04.710900
122,9,1,1,0,1,TRUE,,2025-08-04T14:48:04.710900
142,33,7,3,0,3,TRUE,,2025-08-04T14:52:04.710900
158,47,5,5,0,5,TRUE,,2025-08-04T15:00:04.710900
166,16,8,3,0,3,TRUE,,2025-08-04T15:14:04.710900
136,50,8,3,0,3,TRUE,,2025-08-04T15:15:04.710900
160,31,5,5,0,5,TRUE,,2025-08-04T15:16:04.710900
119,46,8,1,0,1,TRUE,,2025-08-04T15:28:04.710900
167,47,5,4,0,4,TRUE,,2025-08-04T15:32:04.710900
118,30,6,5,0,5,TRUE,,2025-08-04T15:45:04.710900
164,19,3,5,0,5,TRUE,,2025-08-04T16:04:04.710900
129,46,8,2,0,2,TRUE,,2025-08-04T16:18:04.710900
110,47,5,3,0,3,TRUE,,2025-08-04T16:23:04.710900
92,30,6,3,0,3,TRUE,,2025-08-04T16:34:04.710900
116,1,9,3,0,3,TRUE,,2025-08-04T16:39:04.710900
77,46,3,3,0,3,TRUE,,2025-08-04T16:47:04.710900
158,31,5,3,0,3,TRUE,,2025-08-04T16:55:04.710900
125,3,6,4,0,4,TRUE,,2025-08-04T17:16:04.710900
151,41,7,5,0,5,TRUE,,2025-08-04T17:30:04.710900
148,17,7,4,0,4,TRUE,,2025-08-04T17:40:04.710900
152,12,2,3,0,3,TRUE,,2025-08-04T18:19:04.710900
163,20,9,4,0,1,TRUE,,2025-08-04T18:43:04.710900
149,37,5,1,0,1,TRUE,,2025-08-04T18:48:04.710900
162,24,1,1,0,1,TRUE,,2025-08-04T18:49:04.710900
117,17,7,2,0,2,TRUE,,2025-08-04T19:26:04.710900
163,20,9,4,1,0,FALSE,stockout,2025-08-04T19:41:04.710900
134,10,10,2,0,2,TRUE,,2025-08-04T19:50:04.710900
169,12,2,1,0,1,TRUE,,2025-08-04T20:08:04.710900
117,40,8,2,0,2,TRUE,,2025-08-04T20:37:04.710900
110,24,1,1,0,1,TRUE,,2025-08-04T20:45:04.710900
51,9,1,3,0,0,FALSE,unreliable_supplier,2025-08-04T21:14:04.710900
186,22,7,1,0,1,TRUE,,2025-08-04T21:40:04.710900
142,35,1,4,0,4,TRUE,,2025-08-04T21:42:04.710900
137,41,7,1,0,1,TRUE,,2025-08-04T21:46:04.710900
54,16,8,3,0,3,TRUE,,2025-08-04T21:49:04.710900
146,21,8,4,0,4,TRUE,,2025-08-04T21:50:04.710900
125,5,1,3,0,0,FALSE,unreliable_supplier,2025-08-04T21:54:04.710900
183,7,6,1,0,1,TRUE,,2025-08-04T22:07:04.710900
178,25,1,3,0,3,TRUE,,2025-08-04T22:12:04.710900
139,5,6,4,0,4,TRUE,,2025-08-04T22:17:04.710900
140,14,1,2,0,2,TRUE,,2025-08-04T22:19:04.710900
161,5,1,1,0,1,TRUE,,2025-08-04T22:20:04.710900
182,1,4,2,0,2,TRUE,,2025-08-04T22:32:04.710900
158,21,8,1,0,1,TRUE,,2025-08-04T22:41:04.710900
146,50,3,4,0,0,FALSE,unreliable_supplier,2025-08-04T22:49:04.710900
190,30,1,4,0,4,TRUE,,2025-08-04T22:59:04.710900
77,12,2,2,0,2,TRUE,,2025-08-04T23:02:04.710900
165,5,6,3,0,3,TRUE,,2025-08-04T23:30:04.710900
177,17,7,5,0,5,TRUE,,2025-08-04T23:35:04.710900
189,27,2,1,0,1,TRUE,,2025-08-04T23:41:04.710900
103,45,10,3,0,3,TRUE,,2025-08-05T00:10:04.710900
184,24,6,3,0,3,TRUE,,2025-08-05T00:40:04.710900
166,3,1,1,0,0,FALSE,unreliable_supplier,2025-08-05T00:47:04.710900
139,36,7,5,0,5,TRUE,,2025-08-05T00:57:04.710900
154,12,7,4,0,4,TRUE,,2025-08-05T01:10:04.710900
116,22,7,1,0,1,TRUE,,2025-08-05T01:37:04.710900
162,44,5,1,0,1,TRUE,,2025-08-05T01:39:04.710900
126,44,5,3,0,3,TRUE,,2025-08-05T01:55:04.710900
184,26,10,4,0,4,TRUE,,2025-08-05T01:59:04.710900
80,4,2,2,0,2,TRUE,,2025-08-05T02:20:04.710900
184,12,2,1,0,1,TRUE,,2025-08-05T02:25:04.710900
158,5,6,1,0,1,TRUE,,2025-08-05T02:53:04.710900
119,21,3,2,0,2,TRUE,,2025-08-05T03:24:04.710900
186,37,5,5,0,5,TRUE,,2025-08-05T03:30:04.710900
173,32,7,2,0,2,TRUE,,2025-08-05T03:32:04.710900
186,45,5,4,0,4,TRUE,,2025-08-05T03:56:04.710900
114,46,3,4,0,4,TRUE,,2025-08-05T04:18:04.710900
103,26,10,3,0,3,TRUE,,2025-08-05T04:26:04.710900
136,31,5,3,0,3,TRUE,,2025-08-05T04:36:04.710900
189,10,5,2,0,2,TRUE,,2025-08-05T04:42:04.710900
135,35,1,4,0,4,TRUE,,2025-08-05T04:50:04.710900
189,19,8,4,0,4,TRUE,,2025-08-05T04:57:04.710900
80,18,3,3,0,3,TRUE,,2025-08-05T05:01:04.710900
181,49,5,3,0,3,TRUE,,2025-08-05T05:04:04.710900
192,17,7,3,0,3,TRUE,,2025-08-05T05:05:04.710900
135,39,5,1,0,1,TRUE,,2025-08-05T05:31:04.710900
190,28,7,2,0,2,TRUE,,2025-08-05T05:37:04.710900
148,7,1,2,0,2,TRUE,,2025-08-05T05:45:04.710900
148,6,7,3,0,3,TRUE,,2025-08-05T05:52:04.710900
149,48,10,5,0,5,TRUE,,2025-08-05T06:07:04.710900
134,38,10,4,0,4,TRUE,,2025-08-05T06:14:04.710900
132,37,5,2,0,2,TRUE,,2025-08-05T06:19:04.710900
77,44,10,1,0,1,TRUE,,2025-08-05T06:27:04.710900
190,39,10,4,0,4,TRUE,,2025-08-05T06:45:04.710900
173,1,9,5,0,4,TRUE,,2025-08-05T06:50:04.710900
138,34,4,3,0,3,TRUE,,2025-08-05T07:10:04.710900
187,1,9,2,0,0,FALSE,stockout,2025-08-05T07:13:04.710900
213,45,5,4,0,4,TRUE,,2025-08-05T07:21:04.710900
189,24,1,2,0,2,TRUE,,2025-08-05T07:30:04.710900
180,20,4,2,0,0,FALSE,unreliable_supplier,2025-08-05T07:48:04.710900
168,49,10,5,0,0,FALSE,unreliable_supplier,2025-08-05T07:56:04.710900
173,1,9,5,4,0,FALSE,stockout,2025-08-05T08:05:04.710900
195,1,9,4,0,0,FALSE,stockout,2025-08-05T08:16:04.710900
176,48,5,5,0,5,TRUE,,2025-08-05T08:21:04.710900
177,20,4,3,0,3,TRUE,,2025-08-05T08:47:04.710900
158,14,1,4,0,4,TRUE,,2025-08-05T09:03:04.710900
172,24,1,4,0,0,FALSE,unreliable_supplier,2025-08-05T09:22:04.710900
218,34,9,1,0,1,TRUE,,2025-08-05T09:26:04.710900
198,26,5,5,0,5,TRUE,,2025-08-05T09:33:04.710900
204,40,8,5,0,5,TRUE,,2025-08-05T09:43:04.710900
140,37,5,3,0,3,TRUE,,2025-08-05T10:01:04.710900
177,5,6,1,0,0,FALSE,unreliable_supplier,2025-08-05T10:06:04.710900
212,33,7,1,0,1,TRUE,,2025-08-05T10:07:04.710900
188,19,8,1,0,1,TRUE,,2025-08-05T10:10:04.710900
154,35,6,1,0,1,TRUE,,2025-08-05T10:27:04.710900
215,19,3,2,0,2,TRUE,,2025-08-05T10:38:04.710900
185,11,4,5,0,5,TRUE,,2025-08-05T10:46:04.710900
154,31,5,2,0,2,TRUE,,2025-08-05T10:54:04.710900
51,9,1,3,0,3,TRUE,,2025-08-05T10:59:04.710900
190,45,10,5,0,5,TRUE,,2025-08-05T11:05:04.710900
126,20,9,5,0,5,TRUE,,2025-08-05T11:11:04.710900
174,10,5,5,0,5,TRUE,,2025-08-05T11:18:04.710900
171,12,2,4,0,4,TRUE,,2025-08-05T11:23:04.710900
187,10,5,3,0,3,TRUE,,2025-08-05T11:43:04.710900
186,28,2,2,0,2,TRUE,,2025-08-05T11:49:04.710900
194,39,5,1,0,1,TRUE,,2025-08-05T12:11:04.710900
209,45,5,5,0,5,TRUE,,2025-08-05T12:21:04.710900
210,2,6,1,0,1,TRUE,,2025-08-05T12:34:04.710900
207,14,6,2,0,2,TRUE,,2025-08-05T12:43:04.710900
156,34,9,4,0,4,TRUE,,2025-08-05T12:49:04.710900
205,28,7,1,0,1,TRUE,,2025-08-05T12:54:04.710900
205,17,2,1,0,1,TRUE,,2025-08-05T12:56:04.710900
218,31,5,5,0,4,TRUE,,2025-08-05T12:59:04.710900
131,48,5,4,0,0,FALSE,unreliable_supplier,2025-08-05T13:02:04.710900
125,38,5,3,0,3,TRUE,,2025-08-05T13:07:04.710900
146,50,3,4,0,4,TRUE,,2025-08-05T13:15:04.710900
155,3,1,2,0,0,FALSE,unreliable_supplier,2025-08-05T13:29:04.710900
194,41,2,5,0,5,TRUE,,2025-08-05T13:53:04.710900
156,43,8,1,0,1,TRUE,,2025-08-05T14:06:04.710900
201,18,3,4,0,0,FALSE,unreliable_supplier,2025-08-05T14:15:04.710900
193,4,2,4,0,4,TRUE,,2025-08-05T14:34:04.710900
179,50,3,1,0,1,TRUE,,2025-08-05T14:51:04.710900
134,40,3,1,0,1,TRUE,,2025-08-05T15:10:04.710900
138,40,8,4,0,4,TRUE,,2025-08-05T15:11:04.710900
187,43,8,5,0,5,TRUE,,2025-08-05T15:21:04.710900
148,40,3,2,0,2,TRUE,,2025-08-05T15:24:04.710900
209,29,5,2,0,2,TRUE,,2025-08-05T16:00:04.710900
143,21,8,4,0,4,TRUE,,2025-08-05T16:04:04.710900
209,31,10,2,0,2,TRUE,,2025-08-05T16:12:04.710900
196,44,5,3,0,3,TRUE,,2025-08-05T16:17:04.710900
203,12,7,4,0,4,TRUE,,2025-08-05T16:21:04.710900
233,30,6,5,0,5,TRUE,,2025-08-05T16:28:04.710900
205,14,6,5,0,5,TRUE,,2025-08-05T16:47:04.710900
209,7,1,4,0,4,TRUE,,2025-08-05T17:08:04.710900
159,21,3,3,0,0,FALSE,unreliable_supplier,2025-08-05T17:16:04.710900
221,27,2,3,0,3,TRUE,,2025-08-05T17:27:04.710900
221,41,7,5,0,5,TRUE,,2025-08-05T17:36:04.710900
54,17,2,3,0,3,TRUE,,2025-08-05T17:49:04.710900
221,23,2,5,0,5,TRUE,,2025-08-05T17:51:04.710900
242,4,7,5,0,5,TRUE,,2025-08-05T17:52:04.710900
125,5,1,3,0,0,FALSE,unreliable_supplier,2025-08-05T18:21:04.710900
223,31,10,3,0,3,TRUE,,2025-08-05T18:27:04.710900
230,1,4,4,0,4,TRUE,,2025-08-05T18:34:04.710900
235,14,6,4,0,4,TRUE,,2025-08-05T18:41:04.710900
224,12,2,3,0,3,TRUE,,2025-08-05T18:58:04.710900
173,1,9,5,4,1,TRUE,,2025-08-05T18:59:04.710900
216,23,2,3,0,3,TRUE,,2025-08-05T19:12:04.710900
123,40,8,5,0,5,TRUE,,2025-08-05T19:17:04.710900
241,26,5,1,0,1,TRUE,,2025-08-05T19:27:04.710900
117,7,1,1,0,1,TRUE,,2025-08-05T19:45:04.710900
153,15,1,2,0,2,TRUE,,2025-08-05T19:52:04.710900
169,24,1,2,0,2,TRUE,,2025-08-05T20:15:04.710900
220,4,7,2,0,1,TRUE,,2025-08-05T20:40:04.710900
187,1,9,2,0,2,TRUE,,2025-08-05T20:41:04.710900
238,45,5,3,0,3,TRUE,,2025-08-05T20:43:04.710900
210,50,8,5,0,0,FALSE,unreliable_supplier,2025-08-05T21:10:04.710900
177,5,6,1,0,1,TRUE,,2025-08-05T21:26:04.710900
197,25,6,4,0,4,TRUE,,2025-08-05T21:29:04.710900
222,1,9,4,0,4,TRUE,,2025-08-05T21:34:04.710900
180,21,8,5,0,5,TRUE,,2025-08-05T21:41:04.710900
240,21,3,2,0,2,TRUE,,2025-08-05T21:48:04.710900
154,5,1,3,0,3,TRUE,,2025-08-05T21:57:04.710900
211,40,3,5,0,5,TRUE,,2025-08-05T22:13:04.710900
224,34,9,1,0,1,TRUE,,2025-08-05T22:14:04.710900
188,4,7,1,0,0,FALSE,stockout,2025-08-05T22:20:04.710900
242,26,10,2,0,2,TRUE,,2025-08-05T22:40:04.710900
192,9,6,1,0,1,TRUE,,2025-08-05T22:54:04.710900
239,14,6,4,0,4,TRUE,,2025-08-05T23:04:04.710900
199,1,4,3,0,3,TRUE,,2025-08-05T23:30:04.710900
231,32,7,5,0,5,TRUE,,2025-08-05T23:35:04.710900
196,20,9,1,0,1,TRUE,,2025-08-05T23:50:04.710900
146,23,2,2,0,2,TRUE,,2025-08-05T23:53:04.710900
216,40,3,3,0,3,TRUE,,2025-08-06T00:11:04.710900
168,49,10,5,0,5,TRUE,,2025-08-06T00:24:04.710900
231,13,5,1,0,1,TRUE,,2025-08-06T00:45:04.710900
135,33,7,3,0,3,TRUE,,2025-08-06T00:51:04.710900
192,40,3,5,0,5,TRUE,,2025-08-06T01:00:04.710900
246,3,6,3,0,3,TRUE,,2025-08-06T01:43:04.710900
131,48,5,4,0,4,TRUE,,2025-08-06T01:46:04.710900
103,22,7,1,0,1,TRUE,,2025-08-06T02:02:04.710900
252,30,1,4,0,4,TRUE,,2025-08-06T02:16:04.710900
188,24,1,4,0,4,TRUE,,2025-08-06T02:23:04.710900
222,9,6,2,0,2,TRUE,,2025-08-06T02:56:04.710900
263,34,9,2,0,2,TRUE,,2025-08-06T03:17:04.710900
219,32,7,1,0,1,TRUE,,2025-08-06T03:28:04.710900
263,47,10,2,0,0,FALSE,unreliable_supplier,2025-08-06T03:31:04.710900
269,4,2,1,0,1,TRUE,,2025-08-06T03:41:04.710900
224,46,3,2,0,2,TRUE,,2025-08-06T04:08:04.710900
224,22,2,2,0,2,TRUE,,2025-08-06T04:17:04.710900
216,15,1,5,0,0,FALSE,unreliable_supplier,2025-08-06T04:26:04.710900
114,1,4,3,0,3,TRUE,,2025-08-06T04:33:04.710900
258,31,10,2,0,0,FALSE,unreliable_supplier,2025-08-06T04:47:04.710900
254,11,9,4,0,4,TRUE,,2025-08-06T04:54:04.710900
235,28,7,5,0,5,TRUE,,2025-08-06T05:05:04.710900
220,4,7,2,1,1,TRUE,,2025-08-06T05:12:04.710900
220,38,5,3,0,3,TRUE,,2025-08-06T05:22:04.710900
240,37,5,5,0,5,TRUE,,2025-08-06T05:54:04.710900
235,23,7,2,0,2,TRUE,,2025-08-06T06:03:04.710900
181,2,6,2,0,2,TRUE,,2025-08-06T06:11:04.710900
214,46,3,2,0,2,TRUE,,2025-08-06T06:19:04.710900
212,32,7,4,0,4,TRUE,,2025-08-06T06:26:04.710900
103,3,1,1,0,1,TRUE,,2025-08-06T06:27:04.710900
201,18,3,4,0,2,TRUE,,2025-08-06T06:35:04.710900
219,27,2,1,0,1,TRUE,,2025-08-06T06:41:04.710900
203,16,3,3,0,3,TRUE,,2025-08-06T06:42:04.710900
186,35,6,3,0,3,TRUE,,2025-08-06T06:48:04.710900
197,32,2,5,0,5,TRUE,,2025-08-06T06:54:04.710900
140,21,8,2,0,2,TRUE,,2025-08-06T06:57:04.710900
159,21,3,3,0,3,TRUE,,2025-08-06T07:00:04.710900
217,6,2,3,0,3,TRUE,,2025-08-06T07:05:04.710900
222,10,10,3,0,3,TRUE,,2025-08-06T07:49:04.710900
260,16,3,5,0,5,TRUE,,2025-08-06T07:56:04.710900
196,22,7,1,0,1,TRUE,,2025-08-06T08:05:04.710900
245,33,2,1,0,1,TRUE,,2025-08-06T08:13:04.710900
241,25,1,5,0,5,TRUE,,2025-08-06T08:20:04.710900
201,18,3,4,2,0,FALSE,stockout,2025-08-06T08:24:04.710900
161,18,8,4,0,4,TRUE,,2025-08-06T08:37:04.710900
156,25,1,5,0,5,TRUE,,2025-08-06T08:42:04.710900
181,37,10,2,0,2,TRUE,,2025-08-06T08:50:04.710900
245,32,7,5,0,5,TRUE,,2025-08-06T08:57:04.710900
268,27,2,4,0,4,TRUE,,2025-08-06T09:07:04.710900
248,12,7,5,0,5,TRUE,,2025-08-06T09:23:04.710900
161,50,8,3,0,3,TRUE,,2025-08-06T09:31:04.710900
263,48,5,5,0,5,TRUE,,2025-08-06T09:38:04.710900
195,33,2,5,0,5,TRUE,,2025-08-06T09:49:04.710900
229,24,1,4,0,4,TRUE,,2025-08-06T09:56:04.710900
239,20,4,4,0,4,TRUE,,2025-08-06T10:03:04.710900
167,6,7,5,0,5,TRUE,,2025-08-06T10:04:04.710900
256,2,1,4,0,4,TRUE,,2025-08-06T10:10:04.710900
166,2,6,4,0,4,TRUE,,2025-08-06T10:31:04.710900
199,12,2,4,0,4,TRUE,,2025-08-06T10:38:04.710900
236,20,9,5,0,5,TRUE,,2025-08-06T10:40:04.710900
185,19,3,4,0,4,TRUE,,2025-08-06T10:47:04.710900
134,50,3,2,0,0,FALSE,unreliable_supplier,2025-08-06T10:55:04.710900
263,9,6,5,0,5,TRUE,,2025-08-06T10:59:04.710900
255,14,1,4,0,4,TRUE,,2025-08-06T11:18:04.710900
229,46,8,4,0,4,TRUE,,2025-08-06T11:21:04.710900
272,46,8,1,0,1,TRUE,,2025-08-06T11:25:04.710900
255,2,6,2,0,2,TRUE,,2025-08-06T11:45:04.710900
173,30,1,5,0,5,TRUE,,2025-08-06T11:48:04.710900
191,18,8,1,0,1,TRUE,,2025-08-06T11:49:04.710900
178,2,1,5,0,1,TRUE,,2025-08-06T11:58:04.710900
187,41,7,4,0,4,TRUE,,2025-08-06T12:20:04.710900
203,40,3,5,0,5,TRUE,,2025-08-06T12:21:04.710900
217,43,8,3,0,3,TRUE,,2025-08-06T12:29:04.710900
178,2,1,5,1,0,FALSE,stockout,2025-08-06T12:44:04.710900
230,44,10,1,0,1,TRUE,,2025-08-06T12:48:04.710900
187,49,5,4,0,4,TRUE,,2025-08-06T12:53:04.710900
267,48,10,1,0,1,TRUE,,2025-08-06T12:56:04.710900
142,31,10,4,0,4,TRUE,,2025-08-06T12:58:04.710900
248,19,3,5,0,5,TRUE,,2025-08-06T13:05:04.710900
275,39,10,3,0,3,TRUE,,2025-08-06T13:10:04.710900
156,16,3,2,0,2,TRUE,,2025-08-06T13:17:04.710900
201,18,3,4,2,2,TRUE,,2025-08-06T13:26:04.710900
269,49,5,1,0,1,TRUE,,2025-08-06T13:32:04.710900
250,21,3,5,0,5,TRUE,,2025-08-06T13:41:04.710900
202,25,1,1,0,1,TRUE,,2025-08-06T13:43:04.710900
272,2,1,3,0,0,FALSE,stockout,2025-08-06T13:58:04.710900
269,13,5,5,0,5,TRUE,,2025-08-06T14:00:04.710900
278,32,2,1,0,1,TRUE,,2025-08-06T14:03:04.710900
172,24,1,4,0,4,TRUE,,2025-08-06T14:15:04.710900
237,17,7,1,0,1,TRUE,,2025-08-06T14:20:04.710900
228,12,7,4,0,4,TRUE,,2025-08-06T14:32:04.710900
249,31,5,5,0,5,TRUE,,2025-08-06T14:33:04.710900
231,50,8,4,0,4,TRUE,,2025-08-06T14:43:04.710900
285,5,6,3,0,3,TRUE,,2025-08-06T14:47:04.710900
206,16,3,1,0,1,TRUE,,2025-08-06T14:54:04.710900
290,5,1,3,0,0,FALSE,unreliable_supplier,2025-08-06T15:21:04.710900
264,47,5,1,0,1,TRUE,,2025-08-06T15:35:04.710900
291,17,7,3,0,3,TRUE,,2025-08-06T15:38:04.710900
155,3,1,2,0,2,TRUE,,2025-08-06T15:45:04.710900
202,2,6,4,0,4,TRUE,,2025-08-06T15:48:04.710900
237,4,7,4,0,4,TRUE,,2025-08-06T15:53:04.710900
240,6,2,5,0,4,TRUE,,2025-08-06T15:55:04.710900
212,29,5,4,0,4,TRUE,,2025-08-06T16:01:04.710900
263,47,10,2,0,2,TRUE,,2025-08-06T16:15:04.710900
279,32,2,1,0,1,TRUE,,2025-08-06T16:16:04.710900
280,48,5,4,0,0,FALSE,unreliable_supplier,2025-08-06T16:28:04.710900
134,50,3,2,0,2,TRUE,,2025-08-06T16:30:04.710900
180,7,6,1,0,1,TRUE,,2025-08-06T16:32:04.710900
292,41,2,1,0,1,TRUE,,2025-08-06T16:39:04.710900
219,12,2,3,0,3,TRUE,,2025-08-06T16:46:04.710900
185,23,2,3,0,3,TRUE,,2025-08-06T16:52:04.710900
63,42,3,1,0,1,TRUE,,2025-08-06T17:08:04.710900
237,38,10,5,0,5,TRUE,,2025-08-06T17:17:04.710900
252,15,6,4,0,4,TRUE,,2025-08-06T17:25:04.710900
234,13,5,3,0,3,TRUE,,2025-08-06T17:42:04.710900
285,37,5,2,0,2,TRUE,,2025-08-06T17:43:04.710900
287,41,7,1,0,1,TRUE,,2025-08-06T18:03:04.710900
256,28,7,4,0,4,TRUE,,2025-08-06T18:13:04.710900
125,5,1,3,0,3,TRUE,,2025-08-06T18:41:04.710900
143,24,6,3,0,3,TRUE,,2025-08-06T18:48:04.710900
267,12,2,5,0,5,TRUE,,2025-08-06T18:50:04.710900
235,5,6,4,0,4,TRUE,,2025-08-06T19:08:04.710900
207,40,8,3,0,3,TRUE,,2025-08-06T19:10:04.710900
251,19,3,3,0,3,TRUE,,2025-08-06T19:20:04.710900
294,49,5,5,0,5,TRUE,,2025-08-06T19:24:04.710900
289,16,8,2,0,2,TRUE,,2025-08-06T19:27:04.710900
251,10,5,3,0,3,TRUE,,2025-08-06T19:35:04.710900
267,14,6,1,0,1,TRUE,,2025-08-06T19:37:04.710900
298,18,8,1,0,0,FALSE,unreliable_supplier,2025-08-06T19:41:04.710900
224,49,5,2,0,2,TRUE,,2025-08-06T20:19:04.710900
282,25,6,1,0,1,TRUE,,2025-08-06T20:23:04.710900
286,28,7,5,0,5,TRUE,,2025-08-06T20:29:04.710900
180,10,5,1,0,1,TRUE,,2025-08-06T20:34:04.710900
206,33,7,5,0,5,TRUE,,2025-08-06T20:42:04.710900
170,21,8,3,0,3,TRUE,,2025-08-06T20:46:04.710900
208,16,8,5,0,5,TRUE,,2025-08-06T21:10:04.710900
185,50,3,3,0,3,TRUE,,2025-08-06T21:15:04.710900
287,38,5,2,0,2,TRUE,,2025-08-06T21:17:04.710900
208,21,3,5,0,0,FALSE,unreliable_supplier,2025-08-06T21:25:04.710900
277,35,1,4,0,0,FALSE,unreliable_supplier,2025-08-06T21:33:04.710900
231,30,6,5,0,5,TRUE,,2025-08-06T21:51:04.710900
268,22,2,5,0,5,TRUE,,2025-08-06T21:54:04.710900
281,4,2,1,0,1,TRUE,,2025-08-06T22:10:04.710900
198,3,6,5,0,5,TRUE,,2025-08-06T22:11:04.710900
309,20,9,2,0,1,TRUE,,2025-08-06T22:22:04.710900
299,41,2,4,0,3,TRUE,,2025-08-06T22:38:04.710900
259,44,5,5,0,5,TRUE,,2025-08-06T22:47:04.710900
200,7,1,4,0,4,TRUE,,2025-08-06T22:52:04.710900
304,48,5,4,0,1,TRUE,,2025-08-06T22:56:04.710900
303,50,8,3,0,3,TRUE,,2025-08-06T23:05:04.710900
289,10,5,3,0,3,TRUE,,2025-08-06T23:12:04.710900
275,44,10,1,0,0,FALSE,unreliable_supplier,2025-08-06T23:14:04.710900
253,38,5,4,0,4,TRUE,,2025-08-06T23:16:04.710900
169,42,8,2,0,2,TRUE,,2025-08-06T23:20:04.710900
172,41,7,5,0,5,TRUE,,2025-08-06T23:24:04.710900
308,16,3,3,0,3,TRUE,,2025-08-06T23:29:04.710900
244,23,7,5,0,5,TRUE,,2025-08-06T23:35:04.710900
249,43,3,3,0,0,FALSE,unreliable_supplier,2025-08-06T23:39:04.710900
236,30,6,4,0,4,TRUE,,2025-08-06T23:45:04.710900
257,41,7,4,0,4,TRUE,,2025-08-06T23:48:04.710900
311,46,8,2,0,2,TRUE,,2025-08-07T00:06:04.710900
231,19,8,1,0,1,TRUE,,2025-08-07T00:27:04.710900
198,47,5,2,0,2,TRUE,,2025-08-07T00:36:04.710900
277,35,1,4,0,4,TRUE,,2025-08-07T00:51:04.710900
188,4,7,1,0,0,FALSE,stockout,2025-08-07T00:58:04.710900
247,31,10,2,0,2,TRUE,,2025-08-07T01:18:04.710900
251,42,8,4,0,4,TRUE,,2025-08-07T01:28:04.710900
150,50,8,2,0,0,FALSE,unreliable_supplier,2025-08-07T01:38:04.710900
258,23,2,5,0,5,TRUE,,2025-08-07T01:56:04.710900
218,22,2,4,0,4,TRUE,,2025-08-07T01:59:04.710900
299,41,2,4,3,1,TRUE,,2025-08-07T02:15:04.710900
215,22,2,5,0,5,TRUE,,2025-08-07T02:20:04.710900
202,50,3,2,0,0,FALSE,unreliable_supplier,2025-08-07T02:37:04.710900
250,4,7,1,0,0,FALSE,stockout,2025-08-07T02:51:04.710900
229,9,6,5,0,5,TRUE,,2025-08-07T03:05:04.710900
203,29,5,5,0,0,FALSE,unreliable_supplier,2025-08-07T03:14:04.710900
272,2,1,3,0,3,TRUE,,2025-08-07T03:15:04.710900
246,32,7,5,0,5,TRUE,,2025-08-07T03:23:04.710900
278,15,6,4,0,4,TRUE,,2025-08-07T03:45:04.710900
202,50,3,2,0,0,FALSE,unreliable_supplier,2025-08-07T03:49:04.710900
232,32,7,1,0,1,TRUE,,2025-08-07T03:56:04.710900
269,37,10,5,0,5,TRUE,,2025-08-07T04:02:04.710900
250,4,7,1,0,0,FALSE,stockout,2025-08-07T04:04:04.710900
202,11,4,5,0,0,FALSE,unreliable_supplier,2025-08-07T04:09:04.710900
283,20,9,1,0,0,FALSE,stockout,2025-08-07T04:27:04.710900
206,8,8,4,0,4,TRUE,,2025-08-07T04:32:04.710900
215,46,3,4,0,4,TRUE,,2025-08-07T04:42:04.710900
232,46,8,2,0,2,TRUE,,2025-08-07T04:51:04.710900
125,49,5,3,0,0,FALSE,unreliable_supplier,2025-08-07T04:56:04.710900
309,20,9,2,1,0,FALSE,stockout,2025-08-07T05:00:04.710900
264,16,3,1,0,1,TRUE,,2025-08-07T05:06:04.710900
310,11,9,4,0,4,TRUE,,2025-08-07T05:07:04.710900
188,4,7,1,0,0,FALSE,stockout,2025-08-07T05:16:04.710900
203,29,5,5,0,5,TRUE,,2025-08-07T05:21:04.710900
240,6,2,5,4,1,TRUE,,2025-08-07T05:25:04.710900
324,4,2,4,0,4,TRUE,,2025-08-07T05:26:04.710900
229,49,10,4,0,4,TRUE,,2025-08-07T05:43:04.710900
259,42,3,3,0,3,TRUE,,2025-08-07T06:07:04.710900
276,1,4,2,0,2,TRUE,,2025-08-07T06:49:04.710900
319,32,2,4,0,4,TRUE,,2025-08-07T06:56:04.710900
302,26,10,4,0,4,TRUE,,2025-08-07T06:58:04.710900
252,44,5,3,0,3,TRUE,,2025-08-07T07:11:04.710900
313,47,5,2,0,2,TRUE,,2025-08-07T07:24:04.710900
261,17,2,5,0,5,TRUE,,2025-08-07T07:32:04.710900
161,28,2,3,0,3,TRUE,,2025-08-07T07:35:04.710900
299,33,2,3,0,3,TRUE,,2025-08-07T07:43:04.710900
320,23,7,4,0,4,TRUE,,2025-08-07T07:45:04.710900
276,42,8,1,0,1,TRUE,,2025-08-07T07:54:04.710900
314,11,4,1,0,1,TRUE,,2025-08-07T08:02:04.710900
249,43,3,3,0,3,TRUE,,2025-08-07T08:06:04.710900
246,9,6,3,0,3,TRUE,,2025-08-07T08:14:04.710900
250,4,7,1,0,1,TRUE,,2025-08-07T08:24:04.710900
227,14,6,3,0,3,TRUE,,2025-08-07T08:28:04.710900
211,12,2,4,0,4,TRUE,,2025-08-07T08:39:04.710900
318,44,5,2,0,2,TRUE,,2025-08-07T08:46:04.710900
150,50,8,2,0,2,TRUE,,2025-08-07T08:48:04.710900
188,4,7,1,0,1,TRUE,,2025-08-07T08:54:04.710900
259,27,7,4,0,4,TRUE,,2025-08-07T09:00:04.710900
203,27,2,4,0,4,TRUE,,2025-08-07T09:10:04.710900
150,1,4,1,0,1,TRUE,,2025-08-07T09:19:04.710900
125,49,5,3,0,3,TRUE,,2025-08-07T09:26:04.710900
309,20,9,2,1,0,FALSE,stockout,2025-08-07T09:43:04.710900
195,37,10,4,0,4,TRUE,,2025-08-07T10:16:04.710900
232,11,9,4,0,4,TRUE,,2025-08-07T10:23:04.710900
172,6,7,1,0,1,TRUE,,2025-08-07T10:26:04.710900
166,34,9,3,0,3,TRUE,,2025-08-07T10:33:04.710900
323,8,8,4,0,4,TRUE,,2025-08-07T10:43:04.710900
279,13,10,2,0,2,TRUE,,2025-08-07T10:46:04.710900
285,13,10,2,0,2,TRUE,,2025-08-07T10:53:04.710900
296,44,5,4,0,4,TRUE,,2025-08-07T10:56:04.710900
266,8,3,5,0,5,TRUE,,2025-08-07T10:59:04.710900
268,15,1,1,0,1,TRUE,,2025-08-07T11:01:04.710900
256,31,5,4,0,4,TRUE,,2025-08-07T11:28:04.710900
261,50,8,4,0,0,FALSE,unreliable_supplier,2025-08-07T11:35:04.710900
264,20,9,1,0,0,FALSE,stockout,2025-08-07T11:36:04.710900
259,48,5,4,0,0,FALSE,stockout,2025-08-07T11:43:04.710900
284,30,6,5,0,5,TRUE,,2025-08-07T11:46:04.710900
288,35,6,5,0,5,TRUE,,2025-08-07T12:11:04.710900
244,31,5,1,0,1,TRUE,,2025-08-07T12:21:04.710900
290,42,3,3,0,3,TRUE,,2025-08-07T12:43:04.710900
225,49,5,1,0,1,TRUE,,2025-08-07T12:59:04.710900
249,46,8,5,0,5,TRUE,,2025-08-07T13:12:04.710900
323,27,7,2,0,1,TRUE,,2025-08-07T13:19:04.710900
352,8,8,4,0,3,TRUE,,2025-08-07T13:24:04.710900
337,19,3,2,0,2,TRUE,,2025-08-07T13:44:04.710900
314,4,7,5,0,3,TRUE,,2025-08-07T14:01:04.710900
332,39,5,4,0,4,TRUE,,2025-08-07T14:18:04.710900
172,34,4,3,0,3,TRUE,,2025-08-07T14:23:04.710900
306,49,10,4,0,3,TRUE,,2025-08-07T14:33:04.710900
302,27,7,5,0,0,FALSE,stockout,2025-08-07T14:40:04.710900
347,14,6,1,0,1,TRUE,,2025-08-07T14:43:04.710900
350,40,8,1,0,1,TRUE,,2025-08-07T15:26:04.710900
314,4,7,5,3,0,FALSE,stockout,2025-08-07T15:27:04.710900
259,48,5,4,0,0,FALSE,stockout,2025-08-07T15:45:04.710900
230,24,6,4,0,4,TRUE,,2025-08-07T15:53:04.710900
345,6,7,2,0,2,TRUE,,2025-08-07T15:57:04.710900
330,31,5,2,0,2,TRUE,,2025-08-07T15:59:04.710900
299,29,5,2,0,2,TRUE,,2025-08-07T16:11:04.710900
322,1,4,2,0,2,TRUE,,2025-08-07T16:16:04.710900
318,48,5,5,0,0,FALSE,stockout,2025-08-07T16:33:04.710900
312,19,3,5,0,5,TRUE,,2025-08-07T16:35:04.710900
312,10,10,4,0,4,TRUE,,2025-08-07T16:48:04.710900
345,24,6,3,0,3,TRUE,,2025-08-07T16:53:04.710900
316,11,9,1,0,1,TRUE,,2025-08-07T17:00:04.710900
260,20,9,2,0,0,FALSE,stockout,2025-08-07T17:19:04.710900
178,22,7,2,0,2,TRUE,,2025-08-07T17:25:04.710900
318,12,7,4,0,4,TRUE,,2025-08-07T17:33:04.710900
268,26,10,5,0,5,TRUE,,2025-08-07T17:55:04.710900
305,27,2,3,0,3,TRUE,,2025-08-07T18:05:04.710900
126,19,8,1,0,1,TRUE,,2025-08-07T18:09:04.710900
281,34,9,5,0,5,TRUE,,2025-08-07T18:10:04.710900
336,39,5,2,0,2,TRUE,,2025-08-07T18:12:04.710900
259,48,5,4,0,0,FALSE,stockout,2025-08-07T18:17:04.710900
299,38,5,5,0,5,TRUE,,2025-08-07T18:25:04.710900
346,11,4,4,0,4,TRUE,,2025-08-07T18:31:04.710900
309,20,9,2,1,1,TRUE,,2025-08-07T18:32:04.710900
295,46,3,3,0,3,TRUE,,2025-08-07T18:41:04.710900
313,15,6,4,0,4,TRUE,,2025-08-07T18:42:04.710900
297,1,9,2,0,2,TRUE,,2025-08-07T18:49:04.710900
271,17,2,2,0,2,TRUE,,2025-08-07T18:58:04.710900
210,38,5,3,0,3,TRUE,,2025-08-07T19:05:04.710900
226,38,5,5,0,0,FALSE,stockout,2025-08-07T19:10:04.710900
273,4,7,1,0,0,FALSE,unreliable_supplier,2025-08-07T19:15:04.710900
256,10,5,2,0,2,TRUE,,2025-08-07T19:18:04.710900
166,46,8,3,0,3,TRUE,,2025-08-07T19:34:04.710900
260,27,7,3,0,3,TRUE,,2025-08-07T19:56:04.710900
170,30,6,5,0,5,TRUE,,2025-08-07T20:01:04.710900
270,32,7,1,0,1,TRUE,,2025-08-07T20:17:04.710900
316,42,3,5,0,5,TRUE,,2025-08-07T20:28:04.710900
285,38,10,4,0,4,TRUE,,2025-08-07T20:33:04.710900
352,32,7,5,0,5,TRUE,,2025-08-07T20:40:04.710900
211,24,6,2,0,2,TRUE,,2025-08-07T20:47:04.710900
170,45,5,5,0,5,TRUE,,2025-08-07T21:03:04.710900
195,46,3,1,0,1,TRUE,,2025-08-07T21:06:04.710900
273,25,1,2,0,2,TRUE,,2025-08-07T21:09:04.710900
312,15,6,2,0,2,TRUE,,2025-08-07T21:10:04.710900
260,7,1,1,0,1,TRUE,,2025-08-07T21:13:04.710900
330,6,7,2,0,2,TRUE,,2025-08-07T21:22:04.710900
180,20,4,2,0,2,TRUE,,2025-08-07T21:24:04.710900
144,47,10,4,0,4,TRUE,,2025-08-07T21:26:04.710900
343,4,7,1,0,0,FALSE,stockout,2025-08-07T21:30:04.710900
360,5,1,4,0,4,TRUE,,2025-08-07T21:42:04.710900
354,19,8,4,0,4,TRUE,,2025-08-07T22:05:04.710900
364,8,8,2,0,2,TRUE,,2025-08-07T22:21:04.710900
327,50,8,5,0,0,FALSE,unreliable_supplier,2025-08-07T22:33:04.710900
188,9,1,1,0,1,TRUE,,2025-08-07T22:43:04.710900
371,11,4,3,0,3,TRUE,,2025-08-07T22:52:04.710900
271,50,8,4,0,4,TRUE,,2025-08-07T22:55:04.710900
291,13,10,2,0,0,FALSE,unreliable_supplier,2025-08-07T23:05:04.710900
367,35,1,3,0,3,TRUE,,2025-08-07T23:19:04.710900
262,8,3,2,0,2,TRUE,,2025-08-07T23:27:04.710900
311,25,1,1,0,1,TRUE,,2025-08-07T23:30:04.710900
300,6,2,2,0,2,TRUE,,2025-08-07T23:43:04.710900
348,2,1,3,0,3,TRUE,,2025-08-07T23:54:04.710900
357,46,3,5,0,0,FALSE,unreliable_supplier,2025-08-07T23:56:04.710900
333,9,1,1,0,1,TRUE,,2025-08-08T00:14:04.710900
283,20,9,1,0,1,TRUE,,2025-08-08T00:22:04.710900
344,13,5,3,0,3,TRUE,,2025-08-08T00:31:04.710900
278,46,8,1,0,1,TRUE,,2025-08-08T00:34:04.710900
290,23,2,1,0,1,TRUE,,2025-08-08T00:37:04.710900
366,1,4,1,0,1,TRUE,,2025-08-08T00:45:04.710900
311,48,5,3,0,0,FALSE,stockout,2025-08-08T00:54:04.710900
353,27,2,4,0,4,TRUE,,2025-08-08T01:10:04.710900
293,30,1,4,0,4,TRUE,,2025-08-08T01:13:04.710900
281,22,7,1,0,1,TRUE,,2025-08-08T01:21:04.710900
343,4,7,1,0,0,FALSE,stockout,2025-08-08T01:24:04.710900
291,13,10,2,0,2,TRUE,,2025-08-08T01:25:04.710900
340,36,7,2,0,2,TRUE,,2025-08-08T01:27:04.710900
320,26,5,1,0,1,TRUE,,2025-08-08T01:36:04.710900
274,27,2,1,0,1,TRUE,,2025-08-08T01:38:04.710900
180,50,3,4,0,4,TRUE,,2025-08-08T01:45:04.710900
237,27,7,5,0,5,TRUE,,2025-08-08T01:54:04.710900
274,5,6,5,0,5,TRUE,,2025-08-08T02:00:04.710900
288,13,10,3,0,3,TRUE,,2025-08-08T02:10:04.710900
303,47,10,2,0,2,TRUE,,2025-08-08T02:16:04.710900
211,3,1,2,0,2,TRUE,,2025-08-08T02:25:04.710900
206,5,1,3,0,3,TRUE,,2025-08-08T02:30:04.710900
143,7,6,2,0,2,TRUE,,2025-08-08T02:34:04.710900
215,42,8,3,0,3,TRUE,,2025-08-08T02:59:04.710900
323,43,8,5,0,5,TRUE,,2025-08-08T03:04:04.710900
359,4,7,5,0,5,TRUE,,2025-08-08T03:08:04.710900
230,12,2,1,0,1,TRUE,,2025-08-08T03:30:04.710900
208,21,3,5,0,5,TRUE,,2025-08-08T03:47:04.710900
191,50,3,2,0,2,TRUE,,2025-08-08T03:56:04.710900
368,27,2,5,0,5,TRUE,,2025-08-08T04:01:04.710900
307,22,7,1,0,1,TRUE,,2025-08-08T04:03:04.710900
338,16,8,2,0,2,TRUE,,2025-08-08T04:17:04.710900
321,8,3,3,0,3,TRUE,,2025-08-08T04:21:04.710900
319,1,9,5,0,1,TRUE,,2025-08-08T04:36:04.710900
363,12,2,3,0,0,FALSE,unreliable_supplier,2025-08-08T04:44:04.710900
343,4,7,1,0,0,FALSE,stockout,2025-08-08T04:45:04.710900
331,26,5,1,0,1,TRUE,,2025-08-08T04:48:04.710900
178,2,1,5,1,4,TRUE,,2025-08-08T05:04:04.710900
358,10,5,5,0,5,TRUE,,2025-08-08T05:14:04.710900
259,48,5,4,0,0,FALSE,stockout,2025-08-08T05:23:04.710900
311,48,5,3,0,0,FALSE,stockout,2025-08-08T05:33:04.710900
304,10,5,4,0,4,TRUE,,2025-08-08T05:41:04.710900
218,31,5,5,4,1,TRUE,,2025-08-08T05:46:04.710900
349,27,7,2,0,2,TRUE,,2025-08-08T05:55:04.710900
308,18,8,5,0,0,FALSE,unreliable_supplier,2025-08-08T06:01:04.710900
251,49,10,5,0,5,TRUE,,2025-08-08T06:11:04.710900
365,1,4,5,0,5,TRUE,,2025-08-08T06:12:04.710900
318,48,5,5,0,0,FALSE,unreliable_supplier,2025-08-08T06:20:04.710900
270,21,3,3,0,3,TRUE,,2025-08-08T06:22:04.710900
347,48,5,2,0,0,FALSE,unreliable_supplier,2025-08-08T06:38:04.710900
340,37,10,2,0,2,TRUE,,2025-08-08T06:48:04.710900
335,35,1,5,0,5,TRUE,,2025-08-08T07:01:04.710900
342,35,1,2,0,2,TRUE,,2025-08-08T07:07:04.710900
317,39,5,2,0,2,TRUE,,2025-08-08T07:08:04.710900
356,26,10,2,0,2,TRUE,,2025-08-08T07:18:04.710900
202,32,7,2,0,2,TRUE,,2025-08-08T07:25:04.710900
265,26,10,3,0,3,TRUE,,2025-08-08T07:32:04.710900
348,4,2,2,0,2,TRUE,,2025-08-08T07:36:04.710900
389,29,5,3,0,3,TRUE,,2025-08-08T07:45:04.710900
342,7,1,3,0,3,TRUE,,2025-08-08T07:49:04.710900
356,13,10,3,0,3,TRUE,,2025-08-08T07:55:04.710900
380,22,2,3,0,1,TRUE,,2025-08-08T07:59:04.710900
